URL,Title,H1,Frazy kluczowe,Wolumen (msc)
/modele/fiat-ducato/,"Fiat Ducato – generacje, wersje, dane techniczne",Fiat Ducato – kompletny przewodnik,"fiat ducato, fiat ducato dane techniczne",33100
/modele/fiat-ducato-maxi/,"Fiat Ducato Maxi – wymiary, ładowność, zastosowania",Fiat Ducato Maxi – wymiary i ładowność,"fiat ducato maxi, fiat ducato maxi wymiary",2900
/modele/mercedes-sprinter/,"Mercedes Sprinter – generacje, silniki, wersje",Mercedes Sprinter – przegląd modeli,"mercedes sprinter, mercedes sprinter dane techniczne",18100
/modele/iveco-daily/,"Iveco Daily – pełna oferta, 3.5t i 7.5t",Iveco Daily – wszystkie wersje,iveco daily,22200
/modele/ford-transit/,"Ford Transit – historia, aktualna oferta",Ford Transit – dane techniczne i wersje,"ford transit, ford transit wymiary",33100
/modele/renault-master/,"Renault Master – dane techniczne, wersje",Renault Master – wymiary i dane techniczne,"renault master, renault master wymiary",1000
/modele/volkswagen-crafter/,Volkswagen Crafter – porównanie z MAN TGE,Volkswagen Crafter – przegląd modelu,volkswagen crafter,12100
/modele/man-tge/,MAN TGE – bliźniak Craftera,MAN TGE – dane techniczne,man tge,2900
/modele/citroen-jumper/,Citroën Jumper – bliźniak Ducato,Citroën Jumper – przegląd modelu,citroen jumper,22200
/modele/peugeot-boxer/,"Peugeot Boxer – wersje, ceny",Peugeot Boxer – dane techniczne,peugeot boxer,14800
/modele/opel-movano/,Opel Movano – alternatywa dla Mastera,Opel Movano – przegląd modelu,opel movano,9900
/modele/nissan-interstar/,Nissan Interstar – nowy model 2024+,Nissan Interstar – dane techniczne,nissan interstar,1600
/modele/maxus-deliver-9/,Maxus Deliver 9 – chiński rywal,Maxus Deliver 9 – przegląd modelu,maxus deliver 9,720
/modele/renault-trafic/,Renault Trafic – dane techniczne i wersje,Renault Trafic – kompletny przewodnik,renault trafic,40500
/modele/toyota-proace/,Toyota Proace – dane techniczne i wersje,Toyota Proace – przegląd modelu,toyota proace,40500
/modele/opel-vivaro/,Opel Vivaro – platforma EMP2,Opel Vivaro – dane techniczne,"opel vivaro, opel vivaro wymiary",27100
/modele/citroen-jumpy/,Citroën Jumpy – bliźniak Proace/Vivaro,Citroën Jumpy – przegląd modelu,citroen jumpy,22200
/modele/peugeot-expert/,Peugeot Expert – wersje dostawcze i osobowe,Peugeot Expert – dane techniczne,peugeot expert,9900
/modele/mercedes-vito/,Mercedes Vito – klasa premium,Mercedes Vito – przegląd modelu,mercedes vito,18100
/modele/ford-transit-custom/,Ford Transit Custom – bestseller segmentu,Ford Transit Custom – dane techniczne,ford transit custom,22200
/modele/volkswagen-transporter/,"Volkswagen Transporter – T5, T6, T7",Volkswagen Transporter – przegląd generacji,volkswagen transporter,12100
/modele/fiat-scudo/,Fiat Scudo – nowa generacja,Fiat Scudo – dane techniczne,fiat scudo,14800
/modele/hyundai-staria/,Hyundai Staria – futurystyczny design,Hyundai Staria – przegląd modelu,hyundai staria,9900
/modele/nissan-nv300/,Nissan NV300 – wygaszany model,Nissan NV300 – dane techniczne,nissan nv300,1300
/modele/citroen-berlingo/,Citroën Berlingo – dane techniczne i wersje,Citroën Berlingo – kompletny przewodnik,citroen berlingo,40500
/modele/peugeot-partner/,Peugeot Partner – bliźniak Berlingo,Peugeot Partner – przegląd modelu,peugeot partner,22200
/modele/renault-kangoo/,Renault Kangoo – nowa generacja,Renault Kangoo – dane techniczne,renault kangoo,22200
/modele/opel-combo/,Opel Combo – platforma EMP2,Opel Combo – przegląd modelu,opel combo,18100
/modele/volkswagen-caddy/,Volkswagen Caddy – Caddy 5,Volkswagen Caddy – dane techniczne,volkswagen caddy,40500
/modele/ford-transit-connect/,Ford Transit Connect – kompaktowy Transit,Ford Transit Connect – przegląd modelu,ford transit connect,12100
/modele/ford-transit-courier/,Ford Transit Courier – najmniejszy Ford,Ford Transit Courier – dane techniczne,ford transit courier,4400
/modele/mercedes-citan/,Mercedes Citan – bliźniak Kangoo,Mercedes Citan – przegląd modelu,mercedes citan,8100
/modele/toyota-proace-city/,Toyota Proace City – miejski dostawczy,Toyota Proace City – dane techniczne,toyota proace city,18100
/modele/nissan-nv200/,Nissan NV200 – e-NV200,Nissan NV200 – przegląd modelu,nissan nv200,4400
/modele/fiat-fiorino/,Fiat Fiorino – mikro dostawczy,Fiat Fiorino – dane techniczne,fiat fiorino,9900
/modele/fiat-doblo/,Fiat Doblò – osobowo-dostawczy,Fiat Doblò – dane techniczne,fiat doblo,27100
/modele/dacia-dokker/,Dacia Dokker – budżetowy van,Dacia Dokker – przegląd modelu,dacia dokker,14800
/modele/peugeot-rifter/,Peugeot Rifter – osobowy partner,Peugeot Rifter – dane techniczne,peugeot rifter,8100
/modele/busy-9-osobowe/,Busy 9-osobowe – ranking modeli,Busy 9-osobowe – ranking i porównanie,"busy 9 osobowe, bus 9 osobowy",5400
/modele/samochody-7-osobowe/,Samochody 7-osobowe – przewodnik,Samochody 7-osobowe – ranking modeli,samochody 7 osobowe,6600
/modele/volkswagen-multivan/,Volkswagen Multivan – premium MPV,Volkswagen Multivan – przegląd modelu,volkswagen multivan,6600
/modele/toyota-proace-verso/,Toyota Proace Verso – osobowy Proace,Toyota Proace Verso – dane techniczne,toyota proace verso,8100
/modele/volkswagen-california/,Volkswagen California – fabryczny kamper,Volkswagen California – przegląd modelu,volkswagen california,22200
/modele/ford-ranger/,Ford Ranger – najpopularniejszy pickup w PL,Ford Ranger – dane techniczne i wersje,ford ranger,33100
/modele/volkswagen-amarok/,Volkswagen Amarok – premium pickup,Volkswagen Amarok – przegląd modelu,volkswagen amarok,12100
/modele/ford-e-transit/,Ford E-Transit – elektryczny Transit,Ford E-Transit – dane techniczne,ford e-transit,2400
/modele/mercedes-esprinter/,Mercedes eSprinter – elektryczny Sprinter,Mercedes eSprinter – dane techniczne,mercedes esprinter,1300
/modele/volkswagen-id-buzz/,Volkswagen ID.Buzz – nowy Bulli,Volkswagen ID.Buzz – przegląd modelu,volkswagen id buzz,4400
/modele/elektryczne-dostawcze/,Elektryczne dostawcze – przegląd rynku,Elektryczne samochody dostawcze – przewodnik,elektryczne dostawcze,590
/kampery/przewodnik-kupujacego/,Kamper – kompletny przewodnik kupującego 2026,Kamper – jak wybrać i kupić,kamper,33100
/kampery/kampery-uzywane/,Kampery używane – na co uważać przy zakupie,Kampery używane – poradnik zakupowy,kampery uzywane,2400
/kampery/kamper-cena/,Ile kosztuje kamper? Ceny nowych i używanych,Kamper – ceny nowych i używanych modeli,kamper cena,2900
/kampery/camper-van/,Camper van – czym różni się od klasycznego kampera,Camper van vs kamper – różnice,camper van,5400
/kampery/mini-kamper/,Mini kamper – najlepsze modele dla 2 osób,Mini kamper – ranking modeli,mini kamper,1600
/kampery/kamper-4-osobowy/,Kamper 4-osobowy – który model wybrać,Kamper 4-osobowy – przegląd modeli,kamper 4 osobowy,590
/kampery/kamper-5-osobowy/,Kamper 5-osobowy – modele dla rodzin,Kamper 5-osobowy – ranking,kamper 5 osobowy,590
/kampery/kamper-8-osobowy/,Kamper 8-osobowy – modele dla dużych grup,Kamper 8-osobowy – przegląd modeli,kamper 8 osobowy,390
/kampery/volkswagen-california/,Volkswagen California – fabryczny camper van,Volkswagen California – kamper,"volkswagen california, kamper volkswagen",22200
/kampery/mercedes-marco-polo/,Mercedes Marco Polo – luksusowy camper van,Mercedes Marco Polo – przegląd,mercedes marco polo,2400
/kampery/kamper-volkswagen/,"Kamper Volkswagen – California, Grand California i inne",Kamper Volkswagen – przegląd modeli,kamper volkswagen,480
/kampery/samochody-kempingowe/,"Samochody kempingowe – rodzaje, ceny, porady",Samochody kempingowe – przewodnik,samochody kempingowe,1600
/kampery/kampery-na-sprzedaz/,Kampery na sprzedaż – gdzie kupić kampera w Polsce,Kampery na sprzedaż – poradnik,kampery na sprzedaz,2900
/kampery/tanie-kampery/,Tanie kampery – jak kupić kampera za małe pieniądze,Tanie kampery – poradnik zakupowy,tanie kampery,390
/przerobki/budowa-kampera-krok-po-kroku/,Budowa kampera od zera – kompletny poradnik krok po kroku,Budowa kampera – poradnik krok po kroku,"budowanie kampera, budowa kampera",880
/przerobki/bus-przerobiony-na-kamper/,Bus przerobiony na kamper – gotowe projekty i inspiracje,Bus przerobiony na kamper – inspiracje,bus przerobiony na kamper,720
/przerobki/przerobka-busa-przepisy/,Przeróbka busa na kampera – przepisy i homologacja,Przeróbka busa – przepisy prawne,przerobka busa na kampera przepisy,590
/przerobki/kampery-samorobki/,Kampery samoróbki – DIY camper van projekty,Kampery samoróbki – projekty DIY,kampery samorobki,590
/przerobki/jaki-bus-na-kampera/,Jaki bus na kampera – który model wybrać pod przeróbkę,Jaki bus na kampera – ranking modeli,"bus kamper, jaki bus na kampera",1000
/przerobki/zabudowa-kampera-projekt/,Zabudowa kampera – projekty i rozkłady wnętrza,Zabudowa kampera – projekty,zabudowa kampera,1300
/przerobki/budowa-kampera-koszty/,"Budowa kampera – koszty, etapy, materiały",Budowa kampera – ile kosztuje,budowa kampera,480
/przerobki/izolacja-busa/,Izolacja busa – materiały i techniki,Izolacja busa – poradnik,izolacja busa,590
/przerobki/instalacja-elektryczna-kamper/,Instalacja elektryczna w kamperze – poradnik,Instalacja elektryczna w kamperze,instalacja elektryczna kamper,480
/przerobki/instalacja-wodna-kamper/,"Instalacja wodna w kamperze – zbiorniki, pompy, grzanie",Instalacja wodna w kamperze,instalacja wodna kamper,260
/przerobki/busy-przerobione-galeria/,Busy przerobione na kampera – galeria realizacji,Busy przerobione na kampera – galeria,busy przerobione na kampera,590
/zabudowy/zabudowa-busa-przewodnik/,Zabudowa busa – kompletny przewodnik po rodzajach 2026,Zabudowa busa – przewodnik,zabudowa busa,1900
/zabudowy/zabudowa-na-narzedzia/,Zabudowa busa na narzędzia – systemy i regały,Zabudowa busa na narzędzia,zabudowa busa na narzedzia,480
/zabudowy/zabudowa-warsztatowa/,Zabudowa warsztatowa busa – mobilny warsztat,Zabudowa warsztatowa busa,zabudowa warsztatowa busa,260
/zabudowy/regaly-do-busa/,Regały do busa – systemy zabudowy modułowej,Regały do busa – przegląd systemów,zabudowa busa regaly,170
/zabudowy/zabudowa-serwisowa/,Zabudowa serwisowa busa – dla ekip serwisowych,Zabudowa serwisowa busa,zabudowa serwisowa busa,140
/zabudowy/zabudowa-sklejka-diy/,Zabudowa busa sklejką – DIY krok po kroku,Zabudowa busa sklejką – poradnik DIY,zabudowa busa sklejka,110
/zabudowy/zabudowa-paki/,Zabudowa paki busa – ochrona ładunku,Zabudowa paki busa,zabudowa paki busa,140
/zabudowy/zabudowa-izotermiczna/,Zabudowa izotermiczna busa – transport chłodniczy,Zabudowa izotermiczna busa,zabudowa izotermiczna busa,70
/zabudowy/zabudowa-do-spania/,Zabudowa busa do spania – proste rozwiązania,Zabudowa busa do spania,zabudowa busa do spania,70
/zabudowy/zabudowa-busa-cena/,Ile kosztuje zabudowa busa – cennik 2026,Zabudowa busa – cennik,zabudowa busa cena,30
/porownania/porownanie-duzych-busow/,Porównanie dużych busów – Ducato vs Sprinter vs Daily vs Transit,Porównanie dużych busów 2026,"porownanie aut dostawczych, ducato vs sprinter",10
/porownania/porownanie-srednich-vanow/,Porównanie średnich vanów – Trafic vs Vivaro vs Proace vs Jumpy,Porównanie średnich vanów,"trafic vs vivaro, porownanie vanow",10
/porownania/porownanie-malych-vanow/,Porównanie małych vanów – Berlingo vs Partner vs Kangoo vs Combo,Porównanie małych vanów,berlingo vs partner vs kangoo,10
/porownania/ranking-busow-9-osobowych/,Ranking busów 9-osobowych 2026 – top 10,Ranking busów 9-osobowych,ranking busow 9 osobowych,70
/porownania/ranking-kamperow/,Ranking kamperów 2026 – najlepsze modele,Ranking kamperów 2026,ranking kamperow,30
/porownania/najlepszy-bus-na-kampera/,Najlepszy bus na kampera – który model wybrać pod przeróbkę,Najlepszy bus na kampera,najlepszy bus na kampera,10
/porownania/ladownosc-tabela/,Tabela ładowności busów – wszystkie modele,Ładowność busów – tabela porównawcza,"fiat ducato ladownosc, ladownosc busow",170
/porownania/wymiary-tabela/,"Tabela wymiarów busów – długość, wysokość, pojemność",Wymiary busów – tabela porównawcza,"ducato maxi wymiary, mercedes sprinter wymiary",390
/porownania/spalanie-porownanie/,Spalanie busów – porównanie zużycia paliwa,Spalanie busów – porównanie modeli,"fiat ducato spalanie, sprinter spalanie, iveco daily spalanie",170
/porownania/dane-techniczne-tabela/,"Dane techniczne busów – silniki, moc, moment",Dane techniczne busów – tabela,mercedes sprinter dane techniczne,170
/serwis/kontrolki-w-busie/,Kontrolki w busie i vanie – co oznaczają,Kontrolki w busie – kompletny przewodnik,kontrolki w samochodzie,33100
/serwis/check-engine/,Check engine w busie – przyczyny i diagnostyka,Check engine – przyczyny i rozwiązania,check engine,18100
/serwis/kontrolka-silnika/,Kontrolka silnika – co oznacza i czy można jechać,Kontrolka silnika – co robić,kontrolka silnika,5400
/serwis/kontrolka-oleju/,Kontrolka oleju w busie – co robić,Kontrolka oleju – przyczyny i rozwiązania,kontrolka oleju,4400
/serwis/adblue/,"AdBlue w busach – co to jest, ile kosztuje, jak uzupełniać",AdBlue – kompletny przewodnik,adblue co to,4400
/serwis/wypalanie-dpf/,Wypalanie DPF w busie – kiedy i jak regenerować filtr,Wypalanie DPF – poradnik,wypalanie dpf,2900
/serwis/cisnienie-w-oponach/,Ciśnienie w oponach busa – tabela wartości,Ciśnienie w oponach busa – tabela,cisnienie w oponach,3600
/serwis/immobilizer/,"Immobilizer w busie – awaria, programowanie, rozwiązania",Immobilizer – diagnostyka i naprawa,immobilizer,9900
/serwis/czujnik-polozenia-walu/,Czujnik położenia wału korbowego – objawy awarii,Czujnik położenia wału korbowego,czujnik polozenia walu,6600
/serwis/moment-dokrecania-kol/,Moment dokręcania kół w busie – tabela Nm,Moment dokręcania kół – tabela,moment dokrecania kol,5400
/serwis/spalanie-busow/,Spalanie busów – przegląd zużycia paliwa per model,Spalanie busów – zestawienie modeli,"fiat ducato spalanie, sprinter spalanie",170
/serwis/olej-silnikowy/,Olej silnikowy do busa – jaki wybrać,Olej silnikowy do busa – poradnik,olej silnikowy do busa,480
/serwis/rozrzad-wymiana/,Rozrząd – kiedy wymieniać w busie,Wymiana rozrządu w busie,rozrzad wymiana,1600
/serwis/serwis-klimatyzacji/,"Serwis klimatyzacji busa – koszt, częstotliwość",Serwis klimatyzacji busa,serwis klimatyzacji,8100
/serwis/przeglad-techniczny/,"Przegląd techniczny busa – co sprawdzają, ile kosztuje",Przegląd techniczny busa,przeglad techniczny,5400
/wynajem/wynajem-kampera-poradnik/,Wynajem kampera – poradnik i porównanie wypożyczalni 2026,Wynajem kampera – kompletny poradnik,wynajem kampera,9900
/wynajem/wynajecie-kampera/,Wynajęcie kampera – ile kosztuje i na co uważać,Wynajęcie kampera – poradnik,wynajecie kampera,12100
/wynajem/wypozyczalnie-kamperow/,Wypożyczalnie kamperów w Polsce – przegląd firm,Wypożyczalnie kamperów w Polsce,wypozyczalnia kamperow,5400
/wynajem/wynajem-kampera-cena/,Wynajem kampera cena – cennik na sezon 2026,Wynajem kampera – cennik 2026,wynajem kampera cena,1900
/wynajem/ile-kosztuje-wynajem/,Ile kosztuje wynajem kampera – cennik i koszty ukryte,Ile kosztuje wynajem kampera,ile kosztuje wynajem kampera,720
/wynajem/wynajem-kampera-warszawa/,Wynajem kampera Warszawa – najlepsze wypożyczalnie,Wynajem kampera Warszawa,wynajem kamper warszawa,1000
/wynajem/wynajem-busa-9-osobowy/,Wynajem busa 9-osobowego – oferty i ceny,Wynajem busa 9-osobowego,wynajem busa 9 osobowy,4400
/wynajem/wypozyczalnia-busow/,Wypożyczalnia busów – dostawcze i osobowe,Wypożyczalnia busów,wypozyczalnia busow,2900
/wynajem/maly-kamper-wynajem/,Mały kamper wynajem – kompaktowe kampery,Mały kamper do wynajęcia,maly kamper wynajem,590
/wynajem/camper-van-wynajem/,Camper van wynajem – alternatywa dla dużego kampera,Camper van do wynajęcia,camper van wynajem,590
/przepisy/prawo-jazdy-na-busa/,"Prawo jazdy na busa – kategorie, przepisy, wymagania",Prawo jazdy na busa – przewodnik,prawo jazdy na busa,2400
/przepisy/prawo-jazdy-kategoria-b/,Prawo jazdy kategorii B – jakim busem możesz jeździć,Prawo jazdy kat. B – busy i vany,prawo jazdy kategoria b,12100
/przepisy/winieta-czechy/,"Winieta Czechy 2026 – ceny, gdzie kupić, kary",Winieta Czechy 2026 – poradnik,winieta czechy,27100
/przepisy/winieta-austria/,Winieta Austria 2026 – aktualne ceny i zasady,Winieta Austria 2026 – poradnik,winieta austria,22200
/przepisy/winiety-slowacja/,"Winiety Słowacja 2026 – e-winieta, jak kupić",Winieta Słowacja 2026,winieta slowacja,9900
/przepisy/winiety-wegry/,"Winiety Węgry 2026 – e-winieta, ceny, kontrole",Winieta Węgry 2026,winieta wegry,6600
/przepisy/winiety-slowenia/,Winiety Słowenia 2026 – zasady i ceny,Winieta Słowenia 2026,winieta slowenia,2400
/przepisy/dmc-co-to/,DMC – dopuszczalna masa całkowita – co to jest,DMC – co to jest,"dmc co to, dopuszczalna masa calkowita",720
/przepisy/dmc-pojazdu/,DMC pojazdu – jak odczytać z dowodu rejestracyjnego,DMC pojazdu – poradnik,dopuszczalna masa calkowita pojazdu,590
/przepisy/dmc-przyczepy/,DMC przyczepy – jak dobrać przyczepę do busa,DMC przyczepy – poradnik,dopuszczalna masa calkowita przyczepy,320
/przepisy/dmc-zespolu-pojazdow/,DMC zespołu pojazdów – bus z przyczepą,DMC zespołu pojazdów,dopuszczalna masa calkowita zespolu pojazdow,480
/przepisy/homologacja-kampera/,Homologacja kampera – jak zalegalizować przeróbkę,Homologacja kampera – poradnik,homologacja kampera,880
/narzedzia/kalkulator-dmc/,Kalkulator DMC – oblicz czy mieścisz się w 3.5t,Kalkulator DMC,"dopuszczalna masa calkowita, dmc co to",720
/narzedzia/kalkulator-paliwa/,Kalkulator paliwa – oblicz koszt trasy busem,Kalkulator kosztów paliwa,"fiat ducato spalanie, kalkulator paliwa",170
/narzedzia/porownywarka-busow/,Porównywarka busów – porównaj modele obok siebie,Porównywarka busów,porownywarka aut,2900
/narzedzia/kalkulator-zabudowy/,Kalkulator zabudowy – oszacuj koszt przeróbki,Kalkulator kosztów zabudowy,zabudowa busa cena,30
/vanlife/vanlife-jak-zaczac/,Vanlife w Polsce – jak zacząć życie w busie,Vanlife – jak zacząć,vanlife,1300
/vanlife/kamperem-po-polsce/,Kamperem po Polsce – najlepsze trasy i miejsca,Kamperem po Polsce – trasy,"kamper polska, kamperem po polsce",2900
/vanlife/bus-kamper-z-lazienka/,Bus kamper z łazienką – czy to możliwe,Bus kamper z łazienką,bus kamper z lazienka,70
/vanlife/bus-kamper-4x4/,Bus kamper 4x4 – terenowe kampery do offroadu,Bus kamper 4x4 – przegląd,bus kamper 4x4,50
/vanlife/vanlife-koszty/,Vanlife koszty – ile kosztuje życie w busie,Vanlife – koszty życia w busie,vanlife koszty,320
